Gender,Married,Dependents,Education,Self_Employed,ApplicantIncome,CoapplicantIncome,LoanAmount,Loan_Amount_Term,Credit_History,Property_Area,Loan_Status
Male,Yes,0,Graduate,No,72226,4000,416.0,360,1.0,Urban,Y
Female,Yes,0,Not Graduate,No,71611,1000,294.0,300,0.0,Urban,Y
Male,No,3+,Graduate,No,36065,3000,244.0,36,1.0,Semiurban,Y
Male,No,0,Graduate,No,24384,1000,489.0,12,0.0,Semiurban,N
Male,No,0,Graduate,,18699,3000,487.0,12,1.0,Urban,Y
Male,No,2,Not Graduate,No,61538,3000,72.0,180,1.0,Semiurban,Y
Male,No,0,Not Graduate,No,59286,0,615.0,360,1.0,Urban,Y
Female,No,2,Graduate,No,50794,1000,307.0,240,1.0,Rural,Y
Male,Yes,0,Graduate,No,79515,2000,159.0,120,1.0,Semiurban,Y
Male,,0,Graduate,Yes,35678,0,379.0,36,1.0,Urban,Y
Male,Yes,0,Graduate,Yes,14165,1000,573.0,12,1.0,Semiurban,Y
Female,No,0,Graduate,No,2034,2000,135.0,36,1.0,Semiurban,Y
Female,No,3+,Graduate,No,37632,5000,30.0,12,1.0,Urban,N
Male,Yes,0,Graduate,No,37610,1000,613.0,60,,Rural,Y
Male,No,0,Graduate,No,60254,3000,461.0,180,0.0,Urban,Y
Male,No,0,Graduate,No,65080,1000,335.0,300,1.0,Urban,Y
Male,Yes,0,Graduate,No,23969,3000,556.0,60,1.0,Urban,Y
Male,Yes,2,Graduate,No,65516,2000,82.0,480,0.0,Urban,N
Male,No,0,Graduate,No,47733,4000,549.0,360,1.0,Urban,Y
Male,Yes,1,Not Graduate,No,68208,1000,359.0,480,1.0,Urban,Y
Male,No,3+,Graduate,No,59732,2000,587.0,120,1.0,Semiurban,Y
Male,Yes,0,Graduate,No,35909,2000,354.0,240,1.0,Urban,Y
Male,No,3+,Graduate,No,20824,1000,143.0,300,1.0,Semiurban,Y
Male,No,0,Graduate,No,10238,0,,60,0.0,Urban,N
Male,No,0,Graduate,No,25554,0,195.0,36,1.0,Urban,Y
Male,Yes,0,Graduate,No,31209,0,,36,1.0,Urban,Y
Male,No,1,Not Graduate,No,1863,4000,168.0,120,0.0,Rural,Y
Male,,3+,Graduate,No,11858,0,658.0,12,0.0,Semiurban,Y
Male,Yes,0,Graduate,No,4740,0,,36,1.0,Rural,Y
Male,No,1,Graduate,No,73701,3000,305.0,360,1.0,Urban,Y
Male,Yes,0,Graduate,No,47189,1000,207.0,240,1.0,Rural,Y
Male,Yes,0,Graduate,No,3436,2000,383.0,180,1.0,Urban,Y
Male,Yes,0,Graduate,Yes,45465,0,183.0,360,1.0,Urban,Y
Female,Yes,3+,Graduate,No,79034,5000,230.0,240,1.0,Semiurban,Y
Female,Yes,1,Graduate,No,2382,4000,144.0,120,0.0,Urban,N
Female,No,0,Graduate,No,21724,4000,583.0,360,1.0,Rural,Y
Male,Yes,0,Graduate,No,32325,1000,97.0,180,1.0,Urban,Y
Male,No,0,Not Graduate,,72240,3000,474.0,180,1.0,Rural,Y
Male,Yes,0,Graduate,No,30385,0,474.0,84,1.0,Semiurban,Y
Male,Yes,0,Graduate,No,41556,0,355.0,12,1.0,Semiurban,Y
Male,Yes,2,Graduate,No,4703,0,631.0,120,0.0,Urban,Y
Male,No,0,Not Graduate,No,61741,2000,652.0,360,1.0,Urban,Y
Male,Yes,0,Graduate,No,3744,1000,,300,1.0,Rural,N
Female,Yes,0,Graduate,No,70119,2000,174.0,300,1.0,Urban,N
Male,No,2,Graduate,No,23084,0,304.0,120,1.0,Semiurban,Y
Male,,1,Graduate,No,10021,1000,538.0,360,1.0,Rural,N
Male,Yes,0,Graduate,,51517,3000,208.0,60,1.0,Urban,Y
Male,Yes,1,Graduate,No,35041,1000,506.0,60,1.0,Semiurban,Y
Male,No,0,Graduate,No,30563,3000,443.0,12,1.0,Semiurban,Y
Male,Yes,0,Graduate,No,71768,0,182.0,360,1.0,Urban,Y
Female,No,0,Graduate,No,66452,3000,133.0,180,1.0,Urban,Y
Male,Yes,0,Graduate,No,41063,2000,104.0,36,1.0,Semiurban,Y
Female,No,0,Graduate,No,41252,0,157.0,300,1.0,Semiurban,Y
Female,No,3+,Graduate,No,4067,0,695.0,360,1.0,Semiurban,Y
Male,No,2,Graduate,No,17621,2000,597.0,360,1.0,Urban,Y
Female,Yes,,Not Graduate,Yes,3174,3000,374.0,36,1.0,Rural,Y
Male,No,0,Graduate,No,77911,1000,,36,1.0,Urban,Y
Male,Yes,0,Graduate,Yes,67775,0,188.0,240,1.0,Semiurban,Y
Male,Yes,1,Graduate,No,68581,4000,567.0,84,0.0,Semiurban,Y
Male,,0,Not Graduate,No,30640,2000,455.0,12,1.0,Urban,Y
Male,No,0,Graduate,No,10827,1000,,300,1.0,Urban,Y
Male,No,0,Graduate,No,72163,1000,76.0,36,1.0,Rural,Y
Female,No,,Graduate,No,24831,0,554.0,60,0.0,Rural,Y
Male,Yes,0,Graduate,No,24504,2000,173.0,120,1.0,Urban,Y
Male,Yes,0,Graduate,No,11992,1000,614.0,60,1.0,Semiurban,Y
Male,No,2,Graduate,Yes,56297,5000,697.0,240,0.0,Urban,Y
Male,Yes,0,Graduate,Yes,59595,1000,618.0,240,0.0,Urban,Y
Female,Yes,0,Not Graduate,No,15249,1000,448.0,36,1.0,Semiurban,Y
Male,Yes,0,Graduate,No,64717,2000,114.0,240,1.0,Rural,Y
Female,Yes,0,Graduate,No,10545,4000,445.0,180,0.0,Urban,Y
Male,Yes,2,Graduate,,21616,3000,511.0,480,1.0,Rural,Y
Male,Yes,0,Graduate,No,20167,1000,485.0,360,1.0,Urban,Y
Male,Yes,,Graduate,No,76557,3000,326.0,360,1.0,Semiurban,Y
Female,Yes,2,Graduate,No,75705,2000,141.0,36,1.0,Semiurban,Y
Male,No,2,Graduate,No,28802,1000,259.0,240,1.0,Semiurban,Y
Male,Yes,2,Not Graduate,No,12783,0,125.0,120,1.0,Semiurban,Y
Male,Yes,0,Not Graduate,No,32435,1000,407.0,180,0.0,Urban,N
Male,No,0,Graduate,No,74034,0,185.0,12,1.0,Semiurban,Y
Male,Yes,3+,Graduate,No,33124,4000,450.0,240,1.0,Semiurban,Y
Male,No,2,Not Graduate,No,14940,1000,134.0,180,1.0,Urban,Y
Female,No,0,Graduate,,48001,5000,359.0,84,0.0,Rural,Y
Male,Yes,0,Not Graduate,No,2769,2000,468.0,12,1.0,Urban,Y
Male,Yes,0,Graduate,No,9368,2000,161.0,360,1.0,Semiurban,Y
Male,No,3+,Graduate,,31751,2000,411.0,84,1.0,Urban,Y
Male,No,0,Graduate,No,79409,0,167.0,36,1.0,Urban,Y
Male,Yes,0,Graduate,Yes,40229,1000,299.0,300,0.0,Urban,Y
Male,Yes,0,Graduate,Yes,17234,0,579.0,36,,Semiurban,Y
Male,Yes,1,Graduate,No,43929,2000,425.0,120,1.0,Semiurban,Y
Female,No,2,Graduate,No,42837,1000,586.0,180,1.0,Semiurban,Y
Male,Yes,0,Graduate,Yes,41825,3000,493.0,300,1.0,Urban,Y
Male,No,2,Graduate,No,64014,0,479.0,12,1.0,Urban,N
Male,Yes,3+,Not Graduate,No,9933,0,360.0,12,1.0,Semiurban,Y
Male,Yes,,Graduate,No,10611,1000,282.0,84,1.0,Semiurban,Y
Male,Yes,0,Not Graduate,No,65253,4000,314.0,120,1.0,Urban,Y
Male,,0,Graduate,,75120,3000,303.0,360,1.0,Urban,Y
Male,Yes,2,Graduate,No,23251,1000,49.0,240,,Semiurban,Y
Male,,1,Not Graduate,Yes,17953,2000,,240,1.0,Urban,Y
Male,Yes,1,Graduate,Yes,40468,0,299.0,300,1.0,Urban,Y
Male,No,2,Graduate,No,31577,5000,447.0,120,1.0,Urban,Y
Male,Yes,0,Graduate,Yes,36275,2000,339.0,120,1.0,Semiurban,Y
Male,Yes,3+,Graduate,No,59644,0,60.0,12,0.0,Semiurban,Y
Male,No,0,Graduate,No,50070,2000,133.0,360,1.0,Semiurban,Y
Male,No,0,Not Graduate,No,47597,0,215.0,180,1.0,Urban,Y
Male,No,1,Graduate,No,26003,5000,157.0,360,0.0,Semiurban,N
Female,No,2,Graduate,No,4279,0,239.0,60,0.0,Urban,N
Male,Yes,0,Graduate,No,2255,2000,443.0,120,0.0,Rural,N
Male,Yes,,Graduate,No,40763,0,310.0,36,1.0,Semiurban,Y
Male,No,3+,Graduate,Yes,56587,3000,282.0,480,1.0,Semiurban,Y
Male,No,0,Graduate,No,43781,3000,48.0,120,1.0,Urban,Y
Male,Yes,3+,Graduate,No,52982,2000,165.0,300,1.0,Urban,Y
Male,No,0,Graduate,No,56357,2000,252.0,36,1.0,Semiurban,Y
Male,Yes,0,Graduate,No,18900,4000,32.0,300,0.0,Semiurban,N
Female,Yes,0,Graduate,Yes,41615,0,265.0,84,1.0,Urban,Y
Female,Yes,2,Graduate,,15749,1000,494.0,480,1.0,Rural,Y
Male,Yes,,Graduate,No,48325,0,257.0,480,0.0,Rural,Y
Female,Yes,0,Not Graduate,No,26100,5000,683.0,12,1.0,Semiurban,Y
Female,Yes,0,Graduate,No,39206,1000,528.0,120,1.0,Rural,Y
Male,No,1,Graduate,No,20722,3000,550.0,12,1.0,Urban,Y
Female,Yes,0,Graduate,No,42639,2000,168.0,240,1.0,Urban,Y
Male,Yes,2,Graduate,,42802,0,305.0,300,1.0,Urban,Y
Female,No,2,Graduate,No,69659,0,320.0,60,0.0,Semiurban,Y
Female,No,0,Graduate,No,10146,0,82.0,60,0.0,Urban,Y
,No,3+,Graduate,No,15043,1000,139.0,240,0.0,Rural,N
Male,No,0,Graduate,No,24285,0,677.0,84,1.0,Urban,Y
Male,No,3+,Graduate,No,79853,0,33.0,60,0.0,Urban,Y
Male,Yes,1,Graduate,No,32906,4000,,300,1.0,Rural,Y
Female,Yes,1,Graduate,No,52928,5000,76.0,60,1.0,Urban,Y
Female,Yes,0,Graduate,No,25277,1000,123.0,240,1.0,Urban,Y
Male,Yes,2,Not Graduate,No,59439,1000,589.0,36,1.0,Semiurban,Y
Male,Yes,0,Not Graduate,Yes,54526,0,242.0,12,1.0,Urban,Y
Male,No,0,Not Graduate,No,31053,2000,465.0,180,1.0,Urban,Y
Male,Yes,,Not Graduate,,25048,3000,537.0,300,1.0,Urban,Y
Male,Yes,0,Not Graduate,No,64721,0,680.0,12,,Semiurban,Y
Male,Yes,0,Graduate,No,38765,0,234.0,480,1.0,Rural,N
Female,No,1,Graduate,No,42201,3000,410.0,360,1.0,Rural,Y
Male,Yes,2,Graduate,Yes,52787,2000,102.0,60,1.0,Urban,Y
Male,No,0,Graduate,No,8227,0,545.0,60,1.0,Urban,Y
Male,Yes,1,Graduate,No,52217,2000,105.0,84,1.0,Semiurban,Y
Male,Yes,0,Graduate,No,33927,1000,106.0,12,1.0,Rural,Y
Female,Yes,2,Graduate,No,18192,1000,439.0,360,1.0,Urban,Y
Female,No,2,Graduate,No,33125,3000,643.0,60,1.0,Urban,Y
Male,Yes,0,Not Graduate,Yes,26418,3000,135.0,480,0.0,Semiurban,Y
Male,No,1,Graduate,Yes,42636,1000,580.0,84,1.0,Rural,Y
Male,Yes,0,Graduate,No,53909,4000,505.0,12,1.0,Urban,Y
Male,Yes,0,Graduate,No,17077,1000,304.0,84,1.0,Urban,Y
Male,No,2,Graduate,No,29189,3000,117.0,12,1.0,Urban,Y
Male,No,0,Not Graduate,Yes,12654,1000,106.0,120,1.0,Urban,Y
Male,No,0,Graduate,No,22841,4000,106.0,120,,Semiurban,Y
Male,No,0,Not Graduate,No,76181,4000,471.0,240,1.0,Semiurban,Y
Male,No,2,Graduate,No,47830,0,569.0,300,0.0,Semiurban,N
Female,,0,Graduate,Yes,69916,4000,274.0,84,1.0,Urban,Y
Male,No,,Graduate,Yes,34813,3000,607.0,240,1.0,Urban,Y
Male,No,1,Graduate,No,48400,3000,411.0,84,1.0,Urban,Y
Male,No,2,Graduate,No,80340,0,599.0,60,1.0,Urban,Y
Female,Yes,0,Graduate,No,36195,3000,171.0,180,0.0,Rural,Y
Male,No,0,Graduate,Yes,31725,4000,397.0,84,1.0,Urban,Y
Male,Yes,0,Not Graduate,No,50656,0,113.0,60,1.0,Urban,Y
Male,No,0,Graduate,No,78709,5000,172.0,360,1.0,Semiurban,Y
,No,0,Not Graduate,No,29329,0,381.0,120,1.0,Semiurban,Y
Male,Yes,2,Graduate,No,27438,0,574.0,240,0.0,Semiurban,Y
Male,,1,Graduate,No,60664,2000,181.0,180,1.0,Rural,Y
Male,Yes,1,Graduate,Yes,56030,2000,187.0,480,0.0,Urban,Y
Male,Yes,0,Graduate,No,69699,2000,475.0,120,0.0,Semiurban,Y
Male,No,2,Graduate,No,61782,0,682.0,240,1.0,Urban,Y
Male,Yes,0,Graduate,No,49301,5000,332.0,180,1.0,Urban,Y
Female,No,3+,Graduate,No,10965,0,653.0,480,1.0,Rural,Y
Male,No,1,Not Graduate,No,4826,0,685.0,36,0.0,Urban,Y
Male,Yes,0,Graduate,Yes,5159,0,479.0,60,1.0,Semiurban,Y
Male,Yes,1,Graduate,No,61789,2000,253.0,36,1.0,Urban,Y
Male,Yes,0,Graduate,Yes,29094,4000,72.0,60,,Semiurban,Y
Male,Yes,,Graduate,No,6263,2000,293.0,12,1.0,Rural,Y
Male,No,0,Graduate,No,12328,3000,32.0,300,1.0,Rural,Y
Male,Yes,0,Graduate,No,49088,0,666.0,180,1.0,Rural,Y
Male,Yes,2,Graduate,No,12721,2000,297.0,36,0.0,Semiurban,Y
Male,Yes,0,Graduate,No,12711,1000,625.0,300,,Urban,Y
,Yes,2,Graduate,No,15069,1000,45.0,180,1.0,Semiurban,Y
Male,No,0,Graduate,No,39360,0,363.0,240,1.0,Semiurban,N
Male,Yes,1,Not Graduate,No,73058,2000,493.0,12,1.0,Urban,Y
Female,No,1,Not Graduate,No,46837,2000,88.0,240,1.0,Semiurban,Y
Male,Yes,0,Graduate,No,53811,3000,206.0,60,,Rural,Y
Male,No,0,Graduate,No,15015,1000,92.0,300,1.0,Semiurban,Y
Male,Yes,0,Graduate,No,73195,0,590.0,180,0.0,Urban,Y
Female,Yes,0,Graduate,No,26404,2000,336.0,84,1.0,Rural,Y
Female,No,0,Graduate,No,61435,0,275.0,300,1.0,Urban,Y
Male,Yes,1,Graduate,Yes,45290,4000,318.0,360,1.0,Urban,Y
,No,3+,Graduate,No,70080,2000,361.0,480,1.0,Semiurban,Y
Female,No,2,Graduate,Yes,76648,0,556.0,36,0.0,Urban,Y
Male,Yes,2,Graduate,No,7136,5000,284.0,180,1.0,Semiurban,Y
Male,Yes,2,Not Graduate,No,78629,2000,633.0,120,1.0,Urban,Y
Male,No,1,Not Graduate,No,4392,0,,120,1.0,Urban,N
Male,Yes,0,Graduate,No,23172,2000,635.0,480,1.0,Urban,Y
Female,Yes,3+,Not Graduate,No,7312,0,492.0,60,1.0,Rural,Y
Female,Yes,1,Not Graduate,No,2154,3000,228.0,300,1.0,Semiurban,Y
,Yes,0,Graduate,No,56133,3000,300.0,300,,Urban,Y
Male,Yes,0,Graduate,No,18643,5000,587.0,120,1.0,Urban,Y
Male,No,0,Graduate,No,57434,2000,93.0,300,1.0,Urban,Y
Male,No,0,Not Graduate,Yes,68834,1000,259.0,480,1.0,Semiurban,Y
Female,No,2,Not Graduate,,30587,3000,278.0,300,1.0,Urban,Y
Female,No,0,Graduate,No,13118,0,275.0,60,1.0,Semiurban,Y
Male,Yes,0,Graduate,No,9946,2000,616.0,36,1.0,Semiurban,Y
Male,No,,Graduate,No,50367,2000,,360,1.0,Rural,Y
Male,Yes,0,Graduate,No,52528,0,593.0,36,1.0,Semiurban,Y
Male,Yes,0,Graduate,Yes,61601,1000,117.0,360,1.0,Semiurban,Y
Female,Yes,0,Not Graduate,No,28700,4000,342.0,84,1.0,Urban,Y
Male,Yes,1,Graduate,Yes,62965,4000,,36,1.0,Semiurban,Y
Male,No,3+,Not Graduate,No,40648,0,691.0,480,1.0,Semiurban,Y
Male,No,0,Not Graduate,No,22198,0,49.0,12,1.0,Urban,Y
Male,Yes,2,Graduate,No,43970,0,62.0,84,0.0,Rural,Y
Male,Yes,0,Graduate,Yes,53160,4000,587.0,360,1.0,Urban,Y
Male,No,3+,Graduate,Yes,55410,0,102.0,360,1.0,Urban,Y
Male,Yes,2,Graduate,Yes,36950,3000,372.0,84,1.0,Urban,Y
Male,Yes,2,Graduate,No,57963,0,162.0,360,1.0,Rural,Y
Male,Yes,0,Graduate,No,35257,2000,84.0,180,,Semiurban,Y
Male,No,3+,Graduate,No,79512,1000,90.0,12,1.0,Rural,Y
Male,No,1,Graduate,,71747,3000,549.0,480,1.0,Urban,Y
Male,Yes,0,Graduate,No,73515,0,,180,0.0,Semiurban,Y
Male,Yes,2,Graduate,Yes,32890,2000,275.0,360,1.0,Urban,Y
Male,No,0,Graduate,No,57616,0,205.0,36,1.0,Rural,Y
Male,No,2,Graduate,No,14661,3000,657.0,180,1.0,Urban,N
Female,Yes,0,Graduate,No,33652,4000,346.0,36,1.0,Urban,Y
Male,No,1,Graduate,No,22336,0,691.0,84,1.0,Urban,Y
Male,Yes,0,Graduate,No,68043,4000,160.0,300,1.0,Rural,Y
Male,Yes,0,Graduate,,57148,2000,131.0,240,1.0,Semiurban,Y
Male,No,0,Graduate,No,27831,0,339.0,360,1.0,Semiurban,Y
Male,Yes,0,Graduate,No,12263,1000,321.0,240,1.0,Semiurban,Y
Male,Yes,0,Not Graduate,No,70944,0,524.0,12,0.0,Rural,Y
Female,Yes,0,Graduate,No,20687,3000,390.0,36,1.0,Rural,Y
Male,Yes,1,Graduate,,13457,3000,367.0,180,0.0,Semiurban,Y
Female,No,0,Graduate,No,5879,0,608.0,240,1.0,Urban,Y
Male,Yes,0,Graduate,No,29459,2000,39.0,60,1.0,Urban,Y
Male,No,2,Graduate,No,28605,3000,78.0,360,1.0,Rural,Y
Male,Yes,0,Graduate,No,2377,4000,516.0,240,1.0,Semiurban,Y
Male,Yes,3+,Graduate,No,49853,2000,652.0,180,0.0,Urban,Y
Male,Yes,2,Graduate,No,53067,5000,350.0,180,1.0,Semiurban,Y
Male,No,1,Graduate,Yes,59413,2000,598.0,12,0.0,Rural,Y
Male,Yes,1,Graduate,No,4137,1000,654.0,120,1.0,Semiurban,Y
Male,No,2,Graduate,Yes,74278,3000,162.0,480,1.0,Semiurban,Y
Male,,0,Not Graduate,No,43525,1000,612.0,60,1.0,Rural,Y
Male,No,0,Graduate,No,30242,1000,112.0,240,1.0,Semiurban,Y
Male,Yes,,Graduate,,13331,1000,86.0,480,1.0,Urban,Y
Female,No,2,Graduate,No,48262,3000,405.0,60,1.0,Rural,Y
Female,No,0,Graduate,No,20330,3000,378.0,120,1.0,Rural,Y
Female,No,1,Graduate,No,56544,1000,300.0,240,1.0,Rural,Y
Male,No,,Graduate,No,75448,1000,512.0,60,0.0,Semiurban,Y
Male,No,2,Graduate,No,70702,1000,140.0,480,,Urban,Y
Female,Yes,0,Graduate,No,38545,2000,105.0,36,0.0,Rural,Y
,Yes,0,Graduate,No,72551,0,187.0,180,1.0,Urban,Y
Female,Yes,2,Graduate,Yes,28127,3000,561.0,300,1.0,Rural,Y
Female,No,1,Not Graduate,No,16698,1000,672.0,84,0.0,Rural,N
Female,Yes,0,Graduate,No,71021,1000,358.0,360,1.0,Semiurban,Y
Male,No,0,Graduate,No,30975,0,151.0,300,0.0,Rural,N
Male,Yes,3+,Graduate,Yes,20903,0,70.0,240,1.0,Rural,Y
Female,Yes,1,Graduate,,5181,4000,196.0,240,1.0,Urban,Y
Male,Yes,2,Graduate,No,43792,1000,671.0,60,1.0,Semiurban,Y
Male,No,2,Graduate,No,7129,0,52.0,180,1.0,Urban,Y
Male,Yes,1,Graduate,No,79314,1000,308.0,120,1.0,Semiurban,Y
,Yes,0,Graduate,No,9917,1000,498.0,12,1.0,Urban,Y
Male,Yes,0,Graduate,No,36265,0,429.0,60,1.0,Semiurban,Y
Male,Yes,0,Graduate,No,75999,1000,38.0,12,0.0,Rural,Y
Male,Yes,0,Not Graduate,No,58074,2000,42.0,84,1.0,Rural,Y
Male,Yes,2,Graduate,Yes,29175,2000,81.0,480,1.0,Urban,N
Female,No,1,Graduate,No,73767,1000,238.0,60,1.0,Semiurban,Y
Male,Yes,2,Graduate,No,42063,1000,,84,1.0,Semiurban,Y
Male,,0,Graduate,No,12832,5000,641.0,360,0.0,Rural,Y
Female,Yes,1,Not Graduate,No,20677,1000,431.0,60,1.0,Semiurban,Y
Male,Yes,1,Graduate,No,69947,0,220.0,180,1.0,Semiurban,Y
Male,Yes,1,Graduate,No,58604,0,80.0,180,1.0,Rural,Y
Male,Yes,1,Graduate,,6451,1000,,240,1.0,Urban,Y
Male,Yes,0,Graduate,,29833,3000,682.0,360,0.0,Rural,Y
Male,Yes,0,Graduate,No,23173,0,650.0,240,1.0,Rural,Y
Female,No,0,Graduate,No,42370,3000,329.0,12,0.0,Rural,N
Female,No,0,Graduate,No,72601,0,651.0,300,,Urban,Y
Female,No,0,Graduate,No,24321,1000,225.0,120,0.0,Semiurban,N
Female,Yes,1,Graduate,No,26994,3000,446.0,360,1.0,Rural,Y
Male,Yes,,Not Graduate,No,75660,1000,693.0,480,0.0,Urban,Y
Male,Yes,1,Not Graduate,No,2335,2000,449.0,120,0.0,Semiurban,N
,Yes,2,Not Graduate,No,20146,0,669.0,120,0.0,Urban,Y
Male,No,0,Graduate,No,78860,3000,646.0,36,1.0,Urban,Y
Male,Yes,1,Graduate,Yes,38835,0,551.0,60,1.0,Semiurban,Y
Male,Yes,0,Not Graduate,No,70851,4000,385.0,480,1.0,Semiurban,Y
Female,Yes,0,Graduate,No,3929,0,177.0,360,1.0,Semiurban,Y
,No,0,Graduate,No,43450,4000,394.0,240,1.0,Semiurban,Y
Male,Yes,0,Not Graduate,No,62154,1000,393.0,12,1.0,Semiurban,Y
Male,Yes,0,Not Graduate,Yes,69643,3000,681.0,60,1.0,Semiurban,Y
Male,Yes,0,Graduate,No,79027,1000,431.0,36,1.0,Semiurban,Y
Male,Yes,0,Graduate,No,32599,4000,635.0,12,1.0,Semiurban,Y
Male,Yes,3+,Graduate,No,40885,0,521.0,360,1.0,Semiurban,Y
Male,Yes,0,Not Graduate,No,37419,0,258.0,300,1.0,Urban,Y
Male,Yes,0,Not Graduate,No,62282,1000,604.0,120,1.0,Semiurban,Y
Male,Yes,0,Graduate,No,72616,0,566.0,36,1.0,Semiurban,Y
Male,Yes,1,Graduate,No,74090,0,297.0,12,1.0,Semiurban,N
Male,Yes,0,Not Graduate,Yes,41887,4000,,240,0.0,Urban,Y
Female,Yes,0,Graduate,,17323,5000,40.0,36,0.0,Semiurban,Y
Male,No,0,Graduate,No,47515,1000,349.0,12,0.0,Urban,Y
Male,No,0,Not Graduate,No,16839,4000,155.0,36,0.0,Rural,Y
Male,Yes,0,Graduate,No,4991,2000,335.0,240,1.0,Urban,N
Male,Yes,0,Graduate,No,2206,0,540.0,240,1.0,Rural,Y
Male,Yes,0,Graduate,No,17228,3000,118.0,480,1.0,Semiurban,Y
Male,Yes,,Graduate,,8497,2000,384.0,180,1.0,Semiurban,Y
Male,No,0,Not Graduate,No,61908,5000,657.0,120,1.0,Urban,Y
Male,Yes,2,Graduate,Yes,59597,0,381.0,60,1.0,Urban,Y
Male,No,1,Not Graduate,No,40023,2000,43.0,60,1.0,Urban,N
Male,Yes,0,Graduate,No,26663,0,286.0,360,1.0,Urban,Y
Male,Yes,0,Graduate,No,19218,0,238.0,84,1.0,Semiurban,Y
Male,No,3+,Graduate,No,41119,0,310.0,360,1.0,Urban,Y
Female,No,0,Graduate,Yes,13626,5000,472.0,84,1.0,Rural,Y
,No,0,Graduate,No,66426,3000,418.0,36,1.0,Urban,Y
Male,No,1,Graduate,No,42133,3000,646.0,84,1.0,Rural,Y
Male,Yes,0,Graduate,No,79154,2000,512.0,180,1.0,Semiurban,Y
Male,No,0,Graduate,No,4817,1000,176.0,180,0.0,Urban,N
Male,Yes,0,Graduate,No,46480,0,,120,1.0,Semiurban,Y
Male,No,2,Graduate,No,45615,0,550.0,12,1.0,Urban,Y
Male,Yes,0,Graduate,Yes,63146,1000,659.0,60,1.0,Urban,Y
Female,No,1,Graduate,No,44658,3000,635.0,120,1.0,Semiurban,Y
Female,,3+,Graduate,No,57463,2000,463.0,180,1.0,Semiurban,Y
Male,Yes,0,Graduate,No,49131,0,173.0,12,1.0,Rural,Y
Male,Yes,0,Graduate,No,50816,0,318.0,360,1.0,Semiurban,Y
Male,No,0,Graduate,Yes,60842,0,415.0,60,0.0,Rural,N
Male,Yes,0,Not Graduate,No,17004,1000,43.0,480,0.0,Rural,Y
Male,,0,Graduate,No,70093,4000,286.0,60,1.0,Rural,Y
Male,Yes,3+,Graduate,No,28160,2000,375.0,36,1.0,Semiurban,Y
Male,Yes,1,Graduate,No,38696,3000,374.0,300,1.0,Urban,Y
,No,,Graduate,No,67438,1000,429.0,60,1.0,Urban,Y
Male,Yes,0,Graduate,No,10105,1000,,180,1.0,Semiurban,Y
Female,No,2,Not Graduate,No,58888,0,201.0,36,1.0,Semiurban,Y
Male,Yes,3+,Graduate,No,57001,4000,493.0,240,1.0,Urban,Y
Male,Yes,2,Not Graduate,Yes,54809,3000,299.0,84,0.0,Semiurban,Y
Male,No,0,Graduate,No,28543,0,,360,1.0,Urban,Y
Male,No,1,Graduate,Yes,35135,2000,181.0,480,1.0,Semiurban,N
Male,Yes,0,Graduate,No,80815,1000,652.0,360,1.0,Urban,Y
Male,Yes,0,Graduate,No,34632,2000,212.0,240,0.0,Semiurban,Y
Male,No,0,Graduate,Yes,16866,4000,428.0,300,1.0,Rural,Y
Male,Yes,1,Graduate,No,73607,2000,101.0,60,1.0,Urban,Y
Male,No,1,Graduate,No,64080,2000,447.0,120,1.0,Semiurban,Y
Male,,0,Not Graduate,No,59389,0,312.0,36,1.0,Rural,N
,,0,Graduate,Yes,40736,0,103.0,480,0.0,Urban,Y
Female,Yes,0,Not Graduate,No,5650,0,384.0,240,1.0,Urban,Y
Male,No,0,Graduate,No,20923,0,526.0,300,1.0,Urban,Y
Male,Yes,0,Graduate,No,5637,3000,357.0,360,1.0,Semiurban,Y
Male,Yes,0,Graduate,No,31492,3000,564.0,240,1.0,Semiurban,Y
Male,Yes,2,Not Graduate,No,46421,0,,480,1.0,Urban,N
Male,Yes,0,Graduate,Yes,80869,3000,476.0,480,1.0,Semiurban,Y
Male,No,0,Graduate,No,68417,0,402.0,300,1.0,Urban,Y
Male,No,0,Graduate,No,75190,1000,391.0,360,1.0,Rural,Y
Male,No,3+,Graduate,No,35735,0,122.0,180,1.0,Urban,Y
Male,Yes,1,Graduate,No,80475,1000,350.0,480,0.0,Rural,N
Male,Yes,1,Graduate,No,20622,0,353.0,36,1.0,Semiurban,Y
Male,Yes,0,Graduate,No,25456,1000,413.0,36,1.0,Semiurban,Y
Male,No,1,Graduate,No,65379,1000,,84,1.0,Semiurban,Y
Male,Yes,0,Graduate,No,60060,5000,375.0,360,1.0,Semiurban,Y
Male,No,1,Graduate,No,70185,0,132.0,240,1.0,Semiurban,Y
Female,,3+,Graduate,No,26160,0,244.0,36,1.0,Rural,Y
Male,,1,Not Graduate,No,2668,0,221.0,300,1.0,Semiurban,Y
Male,No,2,Graduate,No,46624,2000,223.0,240,1.0,Semiurban,Y
Male,Yes,1,Graduate,No,37397,0,409.0,360,1.0,Semiurban,Y
Male,No,0,Graduate,No,16532,3000,432.0,300,1.0,Rural,Y
,No,3+,Graduate,No,54297,2000,693.0,60,1.0,Semiurban,Y
Male,Yes,0,Graduate,No,36794,2000,629.0,12,1.0,Urban,Y
Female,Yes,0,Not Graduate,No,45327,2000,40.0,36,,Semiurban,Y
Male,Yes,0,Graduate,No,5016,0,216.0,36,1.0,Semiurban,Y
Male,,0,Not Graduate,Yes,21251,0,44.0,84,0.0,Rural,Y
Male,Yes,0,Graduate,No,31873,1000,326.0,180,1.0,Rural,Y
,Yes,0,Graduate,No,31770,2000,440.0,84,1.0,Semiurban,Y
Male,Yes,0,Graduate,No,11886,0,614.0,360,1.0,Urban,Y
Female,No,1,Not Graduate,No,66317,0,81.0,84,1.0,Rural,Y
Male,Yes,0,Graduate,No,66684,5000,669.0,180,1.0,Semiurban,Y
Female,No,0,Graduate,Yes,39379,0,57.0,180,1.0,Rural,Y
Female,No,0,Graduate,No,51097,3000,606.0,480,1.0,Urban,Y
Male,Yes,0,Graduate,No,40632,3000,46.0,480,1.0,Urban,Y
Male,Yes,1,Graduate,No,5126,0,380.0,12,1.0,Urban,Y
Male,No,1,Graduate,No,78565,0,457.0,300,1.0,Semiurban,Y
Male,Yes,2,Graduate,No,56890,0,679.0,60,1.0,Rural,Y
Male,No,1,Graduate,Yes,18145,2000,258.0,180,1.0,Urban,Y
Male,Yes,0,Graduate,,55644,2000,239.0,60,1.0,Semiurban,N
Male,Yes,1,Not Graduate,No,14882,3000,460.0,36,1.0,Semiurban,Y
Male,No,0,Graduate,No,5525,4000,323.0,120,1.0,Semiurban,Y
Female,Yes,0,Graduate,No,44726,2000,611.0,12,1.0,Urban,Y
Male,Yes,2,Graduate,No,80880,0,133.0,360,1.0,Rural,Y
Female,Yes,0,Graduate,No,71211,0,233.0,240,1.0,Urban,Y
Male,Yes,,Graduate,No,76210,3000,82.0,60,1.0,Semiurban,Y
Male,Yes,2,Graduate,Yes,4943,0,404.0,84,1.0,Urban,Y
Male,Yes,2,Graduate,Yes,22895,0,83.0,180,0.0,Semiurban,N
Male,No,3+,Graduate,No,12225,3000,305.0,60,0.0,Rural,Y
Female,Yes,0,Graduate,No,34961,1000,,240,1.0,Urban,Y
Male,No,0,Graduate,No,42615,4000,60.0,180,1.0,Urban,Y
,Yes,1,Not Graduate,No,72760,2000,164.0,360,1.0,Semiurban,Y
Male,No,0,Graduate,No,30190,0,87.0,120,1.0,Semiurban,Y
Male,Yes,1,Graduate,Yes,2907,4000,134.0,84,1.0,Semiurban,Y
,No,1,Graduate,Yes,75068,0,295.0,60,1.0,Urban,Y
Female,Yes,1,Graduate,Yes,60060,1000,551.0,480,1.0,Urban,Y
Female,Yes,0,Graduate,No,48840,1000,525.0,12,1.0,Semiurban,Y
Male,Yes,0,Not Graduate,No,19294,0,282.0,60,1.0,Urban,Y
Male,Yes,0,Not Graduate,No,21381,1000,324.0,60,1.0,Rural,Y
Male,Yes,0,Graduate,Yes,51203,0,697.0,240,1.0,Urban,Y
Male,,2,Not Graduate,No,45854,1000,187.0,240,1.0,Semiurban,Y
Female,,0,Not Graduate,No,79962,1000,578.0,12,1.0,Urban,Y
Female,Yes,0,Not Graduate,No,15890,3000,660.0,60,1.0,Urban,Y
Male,Yes,0,Not Graduate,Yes,28807,3000,96.0,300,1.0,Semiurban,Y
Male,Yes,1,Graduate,No,26002,0,328.0,360,1.0,Semiurban,Y
Male,No,1,Graduate,Yes,23986,1000,492.0,240,1.0,Urban,Y
Male,Yes,0,Graduate,Yes,39758,1000,130.0,240,1.0,Urban,Y
Female,Yes,0,Graduate,No,59216,0,85.0,300,1.0,Urban,Y
Male,Yes,0,Not Graduate,No,12248,3000,361.0,180,0.0,Rural,Y
Female,No,0,Graduate,No,64285,3000,422.0,60,1.0,Semiurban,Y
Male,No,1,Graduate,No,77550,0,410.0,12,1.0,Urban,Y
Female,Yes,1,Not Graduate,No,24238,1000,121.0,240,1.0,Semiurban,Y
Male,No,0,Not Graduate,No,75731,0,476.0,12,1.0,Semiurban,Y
Male,No,0,Not Graduate,No,75106,2000,138.0,12,1.0,Rural,Y
Female,Yes,3+,Graduate,No,43162,0,346.0,360,1.0,Rural,Y
Male,No,0,Graduate,No,16623,5000,197.0,480,1.0,Urban,Y
Male,Yes,1,Graduate,Yes,27116,3000,464.0,240,1.0,Urban,Y
Female,Yes,0,Graduate,Yes,12682,1000,471.0,84,1.0,Urban,Y
Female,Yes,0,Graduate,No,63513,2000,247.0,180,1.0,Rural,Y
Male,Yes,,Graduate,No,32831,4000,251.0,12,1.0,Rural,Y
Male,Yes,,Not Graduate,No,47598,2000,557.0,240,1.0,Semiurban,Y
Male,No,3+,Graduate,No,27628,0,307.0,180,1.0,Urban,Y
Male,Yes,0,Graduate,No,33056,1000,,84,1.0,Semiurban,Y
Male,Yes,0,Graduate,,23376,3000,603.0,240,1.0,Urban,Y
Male,Yes,0,Graduate,No,10449,2000,495.0,60,1.0,Urban,Y
Male,No,0,Graduate,No,53462,2000,631.0,12,1.0,Semiurban,Y
Male,Yes,0,Graduate,Yes,72706,4000,613.0,84,1.0,Urban,Y
Male,Yes,0,Graduate,No,25599,4000,59.0,60,1.0,Urban,Y
Male,Yes,2,Graduate,No,14216,4000,388.0,12,1.0,Semiurban,Y
Male,Yes,0,Graduate,No,54111,0,317.0,36,1.0,Urban,Y
Male,No,0,Not Graduate,No,40385,2000,115.0,120,1.0,Urban,Y
Male,No,3+,Graduate,No,54644,3000,263.0,300,1.0,Urban,Y
Male,Yes,0,Graduate,No,66720,3000,342.0,12,1.0,Rural,Y
Female,No,3+,Graduate,Yes,9337,2000,394.0,84,1.0,Rural,Y
Male,Yes,0,Not Graduate,No,50855,0,298.0,84,1.0,Urban,Y
Male,No,2,Graduate,No,48799,3000,160.0,120,1.0,Semiurban,Y
Male,Yes,1,Graduate,No,20659,3000,380.0,240,1.0,Urban,Y
Male,Yes,2,Not Graduate,No,52512,0,209.0,300,1.0,Semiurban,Y
Male,Yes,3+,Graduate,No,60805,1000,509.0,180,1.0,Semiurban,Y
Male,No,0,Graduate,No,18606,0,192.0,12,1.0,Rural,Y
Male,Yes,3+,Graduate,Yes,59623,1000,125.0,240,0.0,Semiurban,Y
Male,Yes,0,Graduate,No,10220,0,539.0,60,1.0,Rural,Y
Male,Yes,0,Graduate,No,39161,1000,394.0,180,1.0,Rural,Y
Female,No,0,Graduate,No,22620,2000,382.0,300,1.0,Rural,Y
Male,Yes,0,Not Graduate,No,21290,2000,465.0,240,1.0,Semiurban,Y
Male,No,0,Not Graduate,No,60155,2000,112.0,480,1.0,Semiurban,Y
Male,No,0,Graduate,No,61143,3000,254.0,180,0.0,Urban,Y
Female,Yes,,Graduate,No,48874,0,441.0,360,1.0,Urban,N
Male,No,2,Graduate,No,44407,0,147.0,360,1.0,Urban,Y
Male,Yes,2,Not Graduate,No,51571,4000,511.0,12,1.0,Semiurban,Y
Female,No,0,Not Graduate,No,36312,0,221.0,12,1.0,Semiurban,N
Female,Yes,0,Graduate,No,51070,5000,620.0,12,1.0,Rural,Y
Female,No,0,Not Graduate,No,52401,3000,619.0,300,1.0,Urban,Y
Male,No,0,Graduate,No,61686,2000,688.0,480,1.0,Urban,Y
Male,No,0,Graduate,No,51751,5000,136.0,240,1.0,Rural,Y
Male,No,0,Graduate,No,66671,0,411.0,60,1.0,Urban,Y
Male,Yes,0,Graduate,No,37660,1000,419.0,36,1.0,Urban,Y
Male,Yes,,Graduate,No,20656,2000,273.0,84,1.0,Rural,Y
Male,No,0,Graduate,No,77708,1000,614.0,60,,Rural,Y
Female,Yes,0,Graduate,No,73820,4000,497.0,240,1.0,Semiurban,Y
Male,Yes,1,Not Graduate,No,19429,0,567.0,480,1.0,Rural,Y
Male,No,,Graduate,Yes,68106,2000,239.0,300,1.0,Semiurban,Y
Male,No,0,Graduate,No,64059,2000,633.0,180,1.0,Rural,Y
Male,No,1,Graduate,Yes,55705,2000,,60,1.0,Rural,Y
,Yes,0,Graduate,No,69975,0,,180,1.0,Urban,Y
Male,No,0,Graduate,No,65841,1000,664.0,36,0.0,Semiurban,N
Male,Yes,3+,Graduate,No,44363,3000,338.0,240,1.0,Urban,N
Male,No,2,Graduate,No,66939,0,619.0,480,1.0,Urban,Y
Male,Yes,1,Graduate,No,8694,3000,215.0,240,1.0,Rural,Y
Male,No,0,Graduate,Yes,72887,2000,282.0,84,1.0,Semiurban,Y
Female,No,1,Graduate,No,67714,3000,42.0,300,1.0,Semiurban,Y
Male,Yes,0,Graduate,No,31277,3000,328.0,84,0.0,Rural,Y
Male,No,0,Graduate,Yes,27683,0,105.0,240,1.0,Rural,Y
Female,Yes,0,Graduate,No,28945,2000,80.0,84,0.0,Rural,Y
Male,No,0,Not Graduate,No,68538,4000,178.0,120,1.0,Semiurban,Y
Female,No,0,Graduate,No,17698,1000,151.0,240,1.0,Urban,Y
Male,Yes,0,Graduate,No,22911,5000,240.0,480,1.0,Urban,Y
Female,No,3+,Graduate,No,52077,1000,309.0,60,1.0,Semiurban,Y
Male,No,3+,Graduate,No,17367,0,567.0,480,1.0,Urban,Y
Female,Yes,1,Graduate,No,64001,1000,185.0,120,1.0,Semiurban,Y
Male,Yes,0,Not Graduate,No,15766,5000,267.0,60,1.0,Semiurban,Y
Female,No,2,Not Graduate,No,40922,1000,405.0,120,1.0,Rural,Y
Male,No,0,Not Graduate,No,36708,4000,111.0,60,1.0,Semiurban,Y
Male,No,2,Graduate,No,32713,4000,521.0,480,1.0,Semiurban,Y
Female,No,,Graduate,No,8867,1000,385.0,240,1.0,Urban,Y
Male,Yes,2,Graduate,No,80526,0,,12,,Urban,Y
Male,No,,Graduate,No,36862,3000,,360,1.0,Urban,Y
Male,Yes,2,Graduate,,53088,1000,73.0,360,1.0,Rural,Y
Male,Yes,3+,Graduate,No,39785,3000,602.0,120,1.0,Urban,Y
Male,Yes,0,Not Graduate,No,76255,1000,152.0,360,1.0,Semiurban,N
Male,Yes,0,Graduate,No,73346,1000,378.0,480,1.0,Semiurban,N
,Yes,3+,Graduate,No,37807,3000,359.0,180,0.0,Urban,N
Male,Yes,0,Graduate,Yes,21367,1000,438.0,120,1.0,Urban,Y
Male,No,2,Graduate,No,58023,1000,352.0,60,1.0,Semiurban,Y
Female,Yes,1,Graduate,No,7878,1000,140.0,300,1.0,Semiurban,Y
Female,Yes,0,Graduate,,78458,1000,118.0,84,0.0,Rural,Y
Male,Yes,0,Graduate,No,29426,2000,462.0,480,1.0,Semiurban,N
Male,Yes,0,Graduate,No,14680,3000,128.0,60,1.0,Semiurban,Y
Male,Yes,2,Not Graduate,No,38431,1000,568.0,180,0.0,Rural,Y
,Yes,0,Not Graduate,No,25514,2000,630.0,300,0.0,Semiurban,Y
Male,Yes,0,Graduate,No,60002,2000,175.0,360,0.0,Rural,Y
Male,No,0,Graduate,No,6970,0,286.0,180,1.0,Urban,Y
Male,Yes,1,Not Graduate,No,16453,0,218.0,120,1.0,Semiurban,Y
Male,Yes,2,Not Graduate,Yes,40007,4000,269.0,36,1.0,Urban,Y
Female,Yes,3+,Graduate,No,8023,3000,532.0,36,1.0,Urban,Y
Female,No,,Graduate,No,58690,2000,300.0,360,1.0,Urban,Y
Male,Yes,,Graduate,No,49261,2000,549.0,36,1.0,Semiurban,Y
Male,Yes,2,Not Graduate,No,32669,0,579.0,36,1.0,Urban,Y
Male,Yes,1,Not Graduate,No,47141,2000,143.0,60,1.0,Urban,Y
Female,Yes,3+,Graduate,Yes,24490,2000,368.0,60,1.0,Rural,Y
Male,Yes,0,Not Graduate,No,31161,2000,597.0,84,0.0,Rural,N
Male,Yes,0,Graduate,No,14919,1000,388.0,240,1.0,Semiurban,Y
Female,Yes,2,Not Graduate,No,15957,0,679.0,360,1.0,Rural,Y
Female,Yes,,Graduate,Yes,69100,0,643.0,36,1.0,Rural,Y
Female,Yes,2,Not Graduate,No,77602,5000,363.0,84,1.0,Semiurban,Y
Male,No,2,Graduate,No,34585,1000,198.0,360,0.0,Urban,Y
Male,No,0,Graduate,No,52154,1000,368.0,36,1.0,Rural,N
Male,No,2,Graduate,No,7630,0,290.0,480,1.0,Semiurban,Y
Female,No,0,Not Graduate,Yes,3542,0,228.0,12,1.0,Semiurban,Y
Female,Yes,0,Not Graduate,No,71634,3000,240.0,480,1.0,Semiurban,Y
Male,Yes,1,Not Graduate,No,44482,2000,316.0,300,1.0,Semiurban,Y
Male,Yes,3+,Not Graduate,No,66685,2000,501.0,360,1.0,Rural,Y
Male,Yes,0,Graduate,,34977,0,511.0,240,1.0,Urban,Y
Female,No,0,Graduate,No,54209,3000,52.0,300,0.0,Rural,Y
Female,Yes,1,Graduate,No,30216,0,589.0,84,1.0,Rural,Y
Male,No,1,Graduate,Yes,79637,0,138.0,84,1.0,Semiurban,Y
Male,Yes,,Graduate,No,37518,1000,325.0,36,1.0,Semiurban,Y
Male,No,0,Graduate,No,9561,0,35.0,300,1.0,Urban,Y
Female,Yes,0,Graduate,No,10109,0,579.0,36,,Urban,Y
Female,Yes,0,Graduate,No,36871,2000,,360,1.0,Urban,Y
Female,Yes,,Graduate,No,22305,2000,354.0,84,,Semiurban,Y
Male,Yes,0,Graduate,No,9357,3000,273.0,12,1.0,Semiurban,Y
Male,Yes,0,Not Graduate,No,13120,1000,356.0,84,,Urban,Y
Male,Yes,3+,Graduate,No,9677,0,,60,1.0,Urban,Y
,No,0,Not Graduate,No,31611,0,620.0,180,0.0,Rural,Y
Female,Yes,3+,Graduate,No,13326,5000,651.0,240,1.0,Urban,Y
Female,Yes,1,Graduate,No,15390,2000,42.0,300,1.0,Rural,Y
Female,Yes,2,Not Graduate,No,59531,3000,409.0,36,1.0,Urban,Y
Female,No,0,Graduate,No,76520,0,,180,0.0,Semiurban,N
Male,Yes,0,Graduate,No,6995,2000,631.0,180,1.0,Urban,Y
Male,Yes,1,Graduate,No,29981,0,371.0,480,1.0,Semiurban,Y
Female,Yes,2,Graduate,No,12767,2000,250.0,120,1.0,Semiurban,Y
Female,Yes,2,Graduate,No,8243,4000,102.0,480,1.0,Urban,Y
Male,No,0,Graduate,,56300,5000,654.0,480,1.0,Semiurban,Y
Male,,2,Graduate,Yes,50273,2000,75.0,240,1.0,Semiurban,Y
Male,Yes,2,Graduate,Yes,58542,1000,,60,0.0,Semiurban,N
Female,No,1,Graduate,No,50976,4000,303.0,84,1.0,Rural,Y
Male,Yes,,Not Graduate,No,30052,2000,,480,1.0,Urban,Y
Male,Yes,2,Graduate,No,66742,0,237.0,360,1.0,Semiurban,Y
Male,Yes,1,Graduate,No,47272,1000,644.0,84,1.0,Rural,Y
Male,No,0,Not Graduate,No,45230,0,153.0,60,1.0,Rural,Y
Male,Yes,0,Graduate,No,30448,1000,39.0,36,1.0,Rural,Y
Male,No,0,Graduate,Yes,77811,1000,358.0,120,1.0,Semiurban,N
Male,Yes,0,Graduate,No,70593,2000,216.0,84,1.0,Rural,Y
Male,Yes,0,Graduate,No,70623,1000,572.0,300,1.0,Semiurban,Y
Male,Yes,0,Graduate,No,18035,0,697.0,240,1.0,Urban,Y
Male,No,0,Not Graduate,No,67990,2000,89.0,180,1.0,Rural,Y
Female,Yes,0,Graduate,Yes,48062,3000,471.0,36,1.0,Semiurban,Y
Male,No,2,Graduate,No,60035,2000,246.0,60,0.0,Urban,Y
Male,No,3+,Graduate,No,42769,1000,31.0,480,1.0,Urban,Y
Female,Yes,0,Graduate,No,43962,4000,565.0,360,1.0,Rural,N
Male,Yes,3+,Graduate,No,4627,4000,385.0,360,1.0,Urban,N
Male,Yes,0,Graduate,No,24647,0,655.0,120,1.0,Urban,Y
Male,Yes,,Graduate,No,47028,0,696.0,60,1.0,Semiurban,Y
Male,No,0,Graduate,No,78595,3000,,36,1.0,Urban,Y
Male,No,0,Graduate,No,70431,3000,120.0,300,0.0,Rural,N
Male,Yes,2,Graduate,No,67881,5000,196.0,180,1.0,Semiurban,N
Male,Yes,1,Not Graduate,No,65249,4000,236.0,480,1.0,Semiurban,Y
Male,,0,Graduate,,40172,2000,311.0,240,1.0,Rural,Y
,Yes,0,Graduate,Yes,15231,2000,94.0,12,1.0,Semiurban,Y
Male,No,0,Graduate,No,56012,0,545.0,12,1.0,Urban,Y
Male,Yes,0,Graduate,No,52524,0,186.0,480,1.0,Rural,Y
Male,No,0,Graduate,No,5332,1000,335.0,36,0.0,Semiurban,N
Male,Yes,0,Graduate,No,33832,2000,424.0,480,1.0,Urban,Y
Female,Yes,2,Graduate,Yes,13967,2000,103.0,60,1.0,Semiurban,Y
Male,Yes,3+,Not Graduate,No,42525,3000,216.0,12,1.0,Rural,Y
Male,Yes,0,Graduate,No,14607,0,603.0,120,1.0,Rural,Y
,Yes,3+,Graduate,No,79494,2000,366.0,60,1.0,Rural,Y
Male,No,0,Not Graduate,No,44981,0,597.0,12,1.0,Rural,Y
Male,,0,Not Graduate,No,4081,1000,652.0,300,1.0,Rural,Y
Female,Yes,0,Not Graduate,No,76618,3000,269.0,180,1.0,Rural,Y
Female,Yes,1,Graduate,No,53138,2000,562.0,360,0.0,Urban,N
Male,Yes,3+,Graduate,No,9918,5000,170.0,60,1.0,Urban,Y
Female,Yes,1,Graduate,No,30613,0,294.0,360,1.0,Semiurban,Y
Male,Yes,0,Graduate,No,64544,1000,168.0,360,1.0,Semiurban,Y
Male,Yes,1,Graduate,No,62530,1000,488.0,12,1.0,Urban,Y
Male,Yes,0,Graduate,No,13314,1000,99.0,60,1.0,Urban,Y
Female,Yes,,Not Graduate,No,11524,4000,414.0,180,1.0,Urban,Y
Male,Yes,0,Graduate,No,64788,2000,659.0,300,1.0,Semiurban,Y
Male,Yes,0,Not Graduate,No,59336,4000,227.0,84,1.0,Rural,Y
Male,No,1,Graduate,No,8935,0,,120,1.0,Rural,Y
Male,Yes,1,Graduate,No,68584,4000,597.0,360,1.0,Semiurban,Y
Male,No,0,Graduate,No,72101,0,669.0,180,,Rural,Y
Male,Yes,1,Graduate,Yes,4907,4000,460.0,240,1.0,Semiurban,N
,Yes,0,Graduate,No,34440,1000,354.0,240,1.0,Semiurban,Y
Male,No,,Graduate,No,7166,1000,471.0,84,1.0,Semiurban,Y
Male,No,2,Not Graduate,No,38622,2000,317.0,84,1.0,Semiurban,Y
Male,No,2,Graduate,No,26592,4000,255.0,84,1.0,Urban,Y
Male,Yes,0,Graduate,No,77145,0,93.0,120,1.0,Semiurban,Y
Male,Yes,0,Graduate,No,28005,1000,589.0,120,1.0,Semiurban,Y
Female,No,0,Graduate,No,38213,4000,527.0,300,1.0,Semiurban,Y
Male,Yes,2,Graduate,No,55887,1000,89.0,360,1.0,Rural,Y
Male,Yes,0,Graduate,No,44669,0,426.0,36,1.0,Semiurban,Y
Male,Yes,0,Graduate,No,74782,1000,286.0,240,1.0,Urban,Y
Male,Yes,0,Graduate,No,79011,1000,606.0,12,1.0,Semiurban,Y
Male,No,0,Graduate,No,53242,4000,268.0,12,1.0,Semiurban,Y
,Yes,1,Graduate,No,42022,3000,67.0,84,1.0,Urban,Y
,Yes,0,Graduate,No,5380,2000,54.0,480,1.0,Urban,Y
Male,Yes,,Graduate,No,44954,5000,439.0,240,1.0,Semiurban,Y
Male,Yes,0,Graduate,No,57211,1000,490.0,36,1.0,Rural,Y
Male,Yes,0,Graduate,No,45039,0,600.0,36,,Semiurban,Y
Male,Yes,0,Graduate,No,69821,0,446.0,12,1.0,Rural,Y
,Yes,0,Not Graduate,No,16299,1000,386.0,480,1.0,Rural,Y
Male,No,,Graduate,No,61602,0,412.0,36,0.0,Urban,N
Male,,1,Not Graduate,,52226,4000,187.0,240,1.0,Semiurban,Y
Male,Yes,0,Not Graduate,No,50284,3000,598.0,360,1.0,Semiurban,Y
Male,No,2,Graduate,No,44833,0,462.0,180,1.0,Urban,Y
Male,No,0,Graduate,Yes,42328,2000,77.0,480,1.0,Semiurban,Y
Male,Yes,0,Graduate,No,71026,3000,357.0,36,1.0,Semiurban,Y
Male,Yes,2,Not Graduate,Yes,55862,4000,462.0,480,1.0,Urban,Y
Female,Yes,0,Graduate,No,55497,4000,460.0,480,1.0,Rural,Y
Female,No,0,Graduate,No,51841,2000,85.0,360,,Semiurban,Y
Male,No,0,Graduate,No,20573,3000,606.0,240,,Rural,Y
Male,No,,Not Graduate,No,16049,2000,297.0,12,1.0,Urban,Y
Female,Yes,2,Not Graduate,No,58420,2000,98.0,360,1.0,Rural,Y
Male,No,0,Graduate,No,77015,0,630.0,36,1.0,Urban,Y
Male,Yes,2,Graduate,No,21816,0,478.0,84,1.0,Urban,N
Male,Yes,2,Graduate,No,27683,2000,286.0,360,1.0,Rural,Y
Male,Yes,0,Graduate,No,26124,0,519.0,84,0.0,Semiurban,Y
Male,No,3+,Not Graduate,No,64015,0,672.0,60,1.0,Semiurban,Y
Male,Yes,0,Graduate,No,48205,3000,78.0,12,1.0,Semiurban,Y
Male,,3+,Graduate,No,28256,0,688.0,240,0.0,Urban,Y
Male,Yes,0,Graduate,,61890,2000,345.0,180,1.0,Semiurban,Y
Male,Yes,1,Not Graduate,No,69869,2000,442.0,480,1.0,Semiurban,Y
Male,Yes,0,Not Graduate,No,72321,5000,463.0,84,1.0,Semiurban,Y
Male,Yes,0,Graduate,No,11089,1000,31.0,180,1.0,Semiurban,Y
Male,No,1,Graduate,Yes,15616,0,,180,1.0,Rural,Y
Female,Yes,1,Graduate,No,74681,2000,395.0,84,1.0,Semiurban,Y
Male,No,0,Graduate,No,46286,3000,449.0,180,1.0,Semiurban,Y
Male,No,0,Graduate,No,77925,5000,602.0,480,1.0,Rural,Y
Male,No,1,Graduate,Yes,31786,1000,590.0,300,1.0,Semiurban,Y
Male,Yes,1,Graduate,No,17494,1000,,60,1.0,Urban,Y
Male,Yes,3+,Not Graduate,No,28139,4000,463.0,84,0.0,Urban,Y
Male,Yes,2,Graduate,No,18705,0,672.0,480,1.0,Semiurban,Y
,No,3+,Graduate,No,58177,2000,584.0,12,1.0,Urban,Y
Male,No,1,Graduate,No,34430,1000,86.0,84,1.0,Semiurban,Y
Male,Yes,0,Graduate,No,74813,0,591.0,480,1.0,Urban,Y
Male,No,0,Not Graduate,No,19816,1000,207.0,480,1.0,Urban,Y
Male,Yes,2,Graduate,No,28804,0,322.0,360,1.0,Semiurban,Y
,Yes,1,Graduate,Yes,14903,2000,75.0,300,1.0,Rural,Y
Male,Yes,0,Graduate,No,74995,4000,199.0,84,1.0,Semiurban,Y
Female,No,0,Graduate,No,33432,0,300.0,240,1.0,Rural,Y
,Yes,3+,Graduate,No,38201,3000,446.0,480,,Rural,Y
Male,No,0,Graduate,No,4885,0,168.0,60,1.0,Urban,Y
Male,No,0,Graduate,No,58741,2000,276.0,360,1.0,Urban,Y
Male,No,0,Not Graduate,No,11867,0,177.0,480,1.0,Rural,Y
Male,Yes,,Graduate,Yes,66530,4000,259.0,84,1.0,Rural,Y
Male,Yes,0,Graduate,No,48005,3000,,36,0.0,Semiurban,N
Male,Yes,0,Not Graduate,No,34832,2000,403.0,480,1.0,Rural,Y
Male,Yes,0,Graduate,No,77825,3000,109.0,120,1.0,Urban,Y
Male,Yes,2,Graduate,,36768,2000,635.0,36,1.0,Urban,Y
,No,0,Graduate,No,27063,5000,94.0,480,1.0,Semiurban,Y
Male,Yes,2,Graduate,No,37904,3000,,180,1.0,Semiurban,Y
Male,Yes,2,Graduate,No,56682,4000,117.0,480,1.0,Urban,Y
Male,Yes,0,Graduate,No,34491,2000,233.0,12,1.0,Urban,Y
Male,Yes,1,Not Graduate,No,49163,0,411.0,180,1.0,Urban,Y
Male,Yes,0,Graduate,No,67386,2000,630.0,84,0.0,Semiurban,Y
Female,Yes,2,Graduate,No,25627,0,505.0,60,0.0,Rural,N
Male,No,0,Graduate,No,59192,2000,602.0,36,1.0,Rural,Y
Male,Yes,1,Graduate,No,39000,1000,635.0,240,1.0,Semiurban,Y
Male,No,1,Graduate,No,35285,2000,568.0,360,1.0,Semiurban,Y
Male,No,0,Graduate,No,49497,0,243.0,60,0.0,Semiurban,Y
Male,Yes,,Not Graduate,Yes,8670,0,103.0,180,1.0,Urban,Y
Male,No,1,Graduate,,14803,1000,,360,1.0,Urban,Y
Male,Yes,1,Graduate,No,73243,5000,572.0,36,,Urban,Y
Male,No,0,Graduate,No,79352,1000,248.0,240,1.0,Rural,Y
,Yes,1,Graduate,No,36687,1000,41.0,120,1.0,Rural,Y
Female,No,0,Graduate,,66534,3000,444.0,120,,Semiurban,Y
Male,No,1,Graduate,No,73276,2000,61.0,240,0.0,Semiurban,Y
Male,No,0,Graduate,Yes,3393,0,189.0,360,1.0,Urban,Y
Male,No,2,Graduate,No,15253,1000,266.0,84,,Semiurban,Y
Female,Yes,0,Graduate,No,39590,0,210.0,360,1.0,Semiurban,Y
,Yes,0,Graduate,Yes,66422,5000,587.0,480,,Semiurban,Y
Male,Yes,0,Graduate,No,78268,0,370.0,360,1.0,Urban,Y
Female,Yes,0,Not Graduate,No,60912,1000,487.0,84,1.0,Rural,Y
Female,No,0,Graduate,No,57530,0,109.0,60,0.0,Semiurban,Y
Female,Yes,0,Graduate,No,19009,0,676.0,36,1.0,Rural,Y
Male,No,2,Graduate,No,70153,3000,502.0,360,,Rural,Y
Male,Yes,0,Graduate,No,38429,0,141.0,36,1.0,Rural,Y
Male,No,0,Graduate,No,49791,0,321.0,180,,Urban,N
Female,Yes,0,Graduate,No,5542,1000,660.0,120,1.0,Urban,N
Male,No,,Graduate,No,64074,0,412.0,120,1.0,Urban,Y
Male,No,0,Not Graduate,Yes,38701,0,46.0,84,1.0,Urban,Y
Male,Yes,0,Graduate,Yes,15516,3000,522.0,180,1.0,Semiurban,Y
Male,Yes,0,Graduate,No,26522,3000,360.0,120,1.0,Semiurban,Y
Male,No,0,Graduate,No,29438,4000,515.0,84,1.0,Semiurban,Y
Male,Yes,0,Not Graduate,No,45178,4000,435.0,360,0.0,Urban,Y
,Yes,1,Graduate,No,63220,2000,146.0,180,1.0,Rural,Y
Male,Yes,0,Graduate,No,58305,0,584.0,480,1.0,Urban,Y
Male,Yes,0,Graduate,No,75823,3000,144.0,480,1.0,Urban,Y
Male,Yes,3+,Graduate,No,3486,3000,578.0,480,1.0,Semiurban,Y
Male,Yes,0,Graduate,No,77978,3000,654.0,60,1.0,Rural,Y
Male,Yes,1,Not Graduate,No,13661,2000,576.0,480,1.0,Semiurban,Y
Male,Yes,0,Graduate,No,22189,0,673.0,180,1.0,Urban,Y
Male,No,2,Not Graduate,Yes,62424,3000,365.0,12,,Semiurban,N
Male,Yes,2,Graduate,No,75808,3000,365.0,120,1.0,Urban,Y
Male,No,0,Graduate,No,65245,5000,176.0,480,1.0,Urban,Y
Male,Yes,,Graduate,Yes,2711,0,151.0,180,,Semiurban,Y
Male,Yes,0,Graduate,No,1729,0,110.0,300,1.0,Urban,Y
Male,Yes,0,Not Graduate,No,50042,0,695.0,360,1.0,Urban,Y
Male,Yes,2,Not Graduate,No,15845,3000,691.0,60,1.0,Semiurban,Y
Female,Yes,2,Not Graduate,No,33319,0,404.0,36,0.0,Rural,Y
Male,Yes,0,Graduate,No,49279,0,599.0,84,1.0,Rural,Y
Female,Yes,0,Graduate,No,67084,5000,92.0,300,1.0,Semiurban,N
Male,Yes,0,Graduate,No,21450,0,533.0,300,0.0,Urban,Y
Male,No,0,Not Graduate,No,16673,3000,697.0,60,1.0,Urban,Y
,Yes,2,Graduate,No,59532,1000,478.0,84,1.0,Urban,Y
Male,Yes,0,Graduate,No,29536,3000,457.0,60,1.0,Semiurban,N
Male,No,0,Graduate,No,72856,2000,456.0,480,,Semiurban,Y
,Yes,0,Graduate,No,15792,4000,450.0,36,1.0,Semiurban,Y
Male,Yes,0,Not Graduate,No,4552,4000,351.0,84,1.0,Semiurban,Y
Female,No,0,Graduate,No,45877,0,195.0,180,1.0,Urban,N
Female,Yes,1,Graduate,No,69338,0,626.0,120,1.0,Semiurban,Y
Female,No,,Graduate,No,69319,0,678.0,60,0.0,Urban,Y
Male,,2,Graduate,No,17120,2000,490.0,36,,Semiurban,Y
Male,Yes,0,Graduate,No,31961,4000,488.0,360,,Semiurban,Y
Female,Yes,2,Graduate,No,22250,1000,218.0,12,1.0,Semiurban,Y
Male,,2,Not Graduate,Yes,10972,2000,493.0,360,1.0,Semiurban,Y
Male,,2,Not Graduate,No,70763,0,408.0,12,,Semiurban,Y
Male,Yes,0,Graduate,No,59102,3000,31.0,240,1.0,Urban,Y
Male,No,0,Graduate,No,27023,5000,647.0,180,1.0,Urban,N
Female,Yes,0,Not Graduate,Yes,32266,0,393.0,240,1.0,Semiurban,Y
Male,Yes,,Graduate,No,67560,1000,101.0,60,1.0,Urban,Y
Male,No,0,Graduate,No,10579,0,456.0,60,1.0,Semiurban,Y
Male,No,0,Graduate,No,9899,2000,667.0,12,1.0,Semiurban,Y
Male,Yes,0,Graduate,No,62226,2000,199.0,84,1.0,Rural,Y
Male,Yes,2,Graduate,Yes,18032,0,234.0,36,,Rural,Y
Female,Yes,0,Not Graduate,Yes,44662,1000,366.0,480,1.0,Urban,Y
Male,Yes,0,Graduate,No,5249,1000,501.0,300,1.0,Rural,N
Male,Yes,3+,Graduate,No,12853,2000,,60,1.0,Semiurban,Y
Male,Yes,3+,Graduate,No,29977,2000,699.0,240,0.0,Semiurban,Y
Female,No,2,Graduate,Yes,26070,0,682.0,240,0.0,Urban,Y
Male,Yes,3+,Graduate,No,12937,3000,304.0,360,0.0,Rural,N
Female,Yes,0,Graduate,No,39604,3000,36.0,180,1.0,Urban,Y
Male,Yes,3+,Graduate,No,64870,1000,595.0,12,1.0,Rural,Y
Male,Yes,0,Graduate,No,6051,0,645.0,300,1.0,Urban,Y
Male,No,0,Not Graduate,No,69859,3000,602.0,12,0.0,Semiurban,Y
Male,No,0,Not Graduate,Yes,56380,5000,628.0,60,1.0,Semiurban,Y
Male,No,0,Graduate,Yes,14416,0,207.0,120,1.0,Urban,Y
Male,Yes,0,Graduate,No,42945,1000,271.0,300,1.0,Urban,Y
Male,,1,Graduate,No,49136,0,232.0,360,1.0,Semiurban,Y
Female,Yes,2,Graduate,Yes,75427,2000,572.0,240,1.0,Urban,Y
Male,Yes,1,Graduate,No,79694,0,491.0,360,1.0,Semiurban,Y
Male,Yes,0,Graduate,Yes,31185,1000,109.0,60,1.0,Semiurban,Y
,No,2,Graduate,No,52634,2000,552.0,120,1.0,Rural,Y
Male,Yes,1,Not Graduate,No,69347,2000,446.0,480,1.0,Semiurban,Y
Male,Yes,0,Not Graduate,No,41493,1000,413.0,300,1.0,Urban,Y
Female,Yes,1,Not Graduate,No,45833,1000,420.0,12,0.0,Urban,N
Male,Yes,0,Graduate,No,60365,2000,155.0,300,1.0,Urban,Y
Male,Yes,0,Graduate,No,80596,0,523.0,240,1.0,Rural,Y
Male,No,3+,Graduate,No,51256,0,76.0,12,1.0,Rural,Y
Male,No,0,Graduate,No,62692,4000,,480,1.0,Urban,Y
Male,No,0,Graduate,Yes,62186,0,648.0,480,1.0,Urban,Y
Male,Yes,2,Graduate,No,50233,3000,493.0,180,1.0,Rural,Y
Female,Yes,1,Graduate,,27493,4000,152.0,12,1.0,Rural,Y
Male,Yes,0,Not Graduate,No,31992,0,503.0,36,,Rural,Y
Male,Yes,0,Graduate,No,22481,1000,163.0,120,,Rural,Y
Male,No,0,Graduate,No,25643,2000,648.0,36,1.0,Semiurban,Y
Male,Yes,,Graduate,No,79103,4000,591.0,480,1.0,Urban,Y
Male,Yes,0,Graduate,No,61777,4000,636.0,12,1.0,Semiurban,Y
Male,Yes,0,Graduate,No,51490,3000,52.0,180,1.0,Semiurban,Y
Male,Yes,3+,Graduate,No,64388,0,595.0,300,1.0,Semiurban,Y
Male,No,0,Graduate,No,70851,2000,264.0,300,1.0,Semiurban,Y
Female,Yes,0,Graduate,Yes,51499,1000,88.0,300,1.0,Urban,Y
Male,Yes,0,Graduate,No,71809,1000,193.0,180,1.0,Urban,Y
Female,Yes,1,Graduate,No,13946,0,245.0,60,1.0,Semiurban,Y
Male,Yes,0,Graduate,Yes,32233,0,212.0,12,1.0,Urban,N
Female,No,0,Not Graduate,No,77500,3000,598.0,36,1.0,Semiurban,Y
Male,No,2,Graduate,No,50132,1000,686.0,120,1.0,Rural,Y
Male,No,0,Graduate,No,23076,1000,119.0,480,,Rural,N
Male,No,0,Graduate,No,4820,1000,340.0,120,1.0,Semiurban,Y
Male,Yes,0,Not Graduate,No,12250,4000,,480,1.0,Semiurban,Y
Male,No,0,Not Graduate,Yes,54963,3000,286.0,12,1.0,Urban,Y
Male,Yes,0,Graduate,No,28072,0,562.0,12,1.0,Semiurban,Y
,Yes,,Graduate,No,19448,0,562.0,360,1.0,Semiurban,Y
Male,No,0,Not Graduate,No,40326,0,81.0,36,1.0,Semiurban,Y
Male,Yes,0,Graduate,Yes,29367,4000,367.0,240,1.0,Rural,Y
Male,No,2,Graduate,No,61731,2000,200.0,480,1.0,Semiurban,Y
Male,Yes,3+,Graduate,No,67762,2000,96.0,84,1.0,Urban,Y
Male,Yes,2,Not Graduate,No,73733,2000,654.0,240,1.0,Urban,Y
Male,No,2,Not Graduate,No,46178,1000,329.0,300,1.0,Semiurban,Y
Female,No,0,Graduate,No,14463,3000,261.0,120,1.0,Semiurban,Y
Male,Yes,3+,Graduate,No,65860,2000,97.0,12,1.0,Rural,Y
Male,Yes,0,Graduate,No,50934,0,535.0,84,1.0,Semiurban,Y
Male,Yes,3+,Graduate,No,68117,0,57.0,480,1.0,Semiurban,Y
Female,Yes,3+,Not Graduate,No,21769,2000,657.0,60,0.0,Semiurban,Y
Male,Yes,,Graduate,Yes,77812,4000,80.0,480,1.0,Semiurban,Y
Male,No,3+,Graduate,No,78725,1000,289.0,120,1.0,Semiurban,Y
Male,Yes,0,Graduate,Yes,39028,4000,620.0,480,1.0,Semiurban,Y
Male,No,0,Graduate,No,80472,3000,,480,1.0,Semiurban,Y
Male,Yes,0,Graduate,No,67102,0,615.0,180,1.0,Urban,Y
Female,Yes,1,Graduate,No,34832,0,213.0,36,,Rural,Y
Female,No,0,Graduate,No,80429,0,52.0,240,1.0,Urban,Y
Male,Yes,1,Graduate,No,70706,3000,158.0,60,0.0,Urban,Y
Male,Yes,3+,Graduate,Yes,3751,0,320.0,12,1.0,Urban,Y
Female,Yes,0,Graduate,No,47217,1000,530.0,480,1.0,Urban,Y
Male,No,2,Graduate,Yes,28527,2000,215.0,60,0.0,Semiurban,N
Male,No,,Not Graduate,,11083,3000,508.0,360,1.0,Urban,Y
Male,Yes,3+,Not Graduate,No,51887,0,,480,1.0,Urban,Y
Male,Yes,3+,Not Graduate,No,24604,1000,521.0,180,1.0,Semiurban,Y
Male,Yes,0,Graduate,No,13724,1000,542.0,180,0.0,Semiurban,Y
Male,No,3+,Not Graduate,No,62124,2000,672.0,84,1.0,Urban,Y
Female,No,2,Graduate,Yes,57558,3000,96.0,300,1.0,Semiurban,Y
Female,Yes,0,Graduate,No,30799,0,496.0,120,1.0,Semiurban,Y
Male,Yes,0,Graduate,No,80072,3000,314.0,240,1.0,Rural,Y
Male,Yes,1,Graduate,No,79428,2000,630.0,360,,Semiurban,Y
Female,No,0,Graduate,No,74974,2000,446.0,120,1.0,Urban,Y
Female,No,1,Graduate,No,5641,2000,129.0,120,1.0,Semiurban,Y
Male,Yes,1,Graduate,,24850,1000,218.0,84,0.0,Semiurban,Y
Female,Yes,0,Graduate,,76582,0,417.0,180,1.0,Urban,Y
Female,Yes,0,Graduate,No,72371,2000,270.0,36,0.0,Rural,N
Male,No,2,Graduate,No,6577,2000,446.0,60,1.0,Semiurban,N
Male,Yes,0,Graduate,No,47515,2000,205.0,12,1.0,Rural,Y
Male,No,0,Not Graduate,No,72647,1000,416.0,36,1.0,Semiurban,Y
Male,Yes,0,Not Graduate,No,60680,4000,500.0,36,1.0,Semiurban,Y
Male,Yes,0,Graduate,No,42357,2000,262.0,300,0.0,Semiurban,Y
Female,Yes,3+,Graduate,No,61340,0,692.0,300,1.0,Semiurban,Y
Male,Yes,,Graduate,No,61402,1000,481.0,36,1.0,Semiurban,N
Male,Yes,1,Not Graduate,No,7077,3000,306.0,180,1.0,Rural,Y
Male,No,,Graduate,No,21502,3000,258.0,120,1.0,Semiurban,Y
Male,Yes,0,Graduate,No,52211,1000,200.0,60,,Rural,Y
Female,Yes,2,Graduate,No,40951,4000,242.0,120,1.0,Rural,Y
Male,Yes,1,Graduate,No,50603,0,,120,1.0,Rural,Y
Male,No,0,Graduate,No,30147,1000,70.0,120,,Semiurban,Y
,No,0,Not Graduate,No,36331,4000,151.0,60,1.0,Semiurban,Y
Male,Yes,0,Graduate,No,68330,4000,256.0,60,1.0,Urban,Y
Male,No,0,Graduate,No,38333,2000,323.0,84,1.0,Semiurban,Y
Male,Yes,1,Not Graduate,No,25898,4000,629.0,240,1.0,Urban,Y
Male,Yes,0,Not Graduate,No,63054,0,296.0,36,1.0,Urban,Y
Male,No,0,Graduate,No,52255,4000,570.0,480,1.0,Urban,Y
Male,No,0,Graduate,No,19206,1000,480.0,84,1.0,Rural,Y
Male,,3+,Graduate,Yes,23840,0,478.0,84,1.0,Rural,Y
Female,Yes,3+,Not Graduate,No,66494,0,90.0,12,1.0,Semiurban,Y
Male,Yes,0,Graduate,No,65384,1000,531.0,480,1.0,Semiurban,Y
Male,No,2,Not Graduate,Yes,18982,0,176.0,300,1.0,Semiurban,Y
Male,Yes,0,Graduate,,55725,1000,363.0,12,1.0,Semiurban,Y
Male,Yes,0,Graduate,No,60349,0,171.0,300,1.0,Semiurban,Y
Male,Yes,2,Graduate,No,76354,0,73.0,240,1.0,Urban,Y
Male,Yes,3+,Graduate,No,42756,2000,173.0,360,1.0,Semiurban,Y
Female,Yes,3+,Graduate,Yes,16150,1000,362.0,300,1.0,Semiurban,Y
Male,No,1,Graduate,No,47618,1000,526.0,120,1.0,Semiurban,Y
Male,Yes,0,Graduate,No,30430,3000,425.0,300,1.0,Semiurban,Y
,Yes,2,Not Graduate,No,13301,4000,84.0,480,,Rural,Y
Female,Yes,0,Graduate,No,52860,3000,336.0,60,1.0,Urban,Y
Male,No,0,Graduate,No,18059,1000,452.0,480,1.0,Urban,Y
Male,Yes,0,Graduate,Yes,33834,3000,446.0,240,1.0,Semiurban,Y
Male,Yes,1,Graduate,No,14788,0,354.0,84,1.0,Urban,Y
,No,0,Graduate,No,23898,0,109.0,120,1.0,Urban,Y
Male,No,0,Graduate,No,77730,1000,60.0,360,1.0,Urban,Y
Female,,3+,Not Graduate,No,13691,3000,141.0,240,0.0,Semiurban,Y
Male,No,0,Graduate,No,19551,0,587.0,84,1.0,Urban,Y
Male,Yes,0,Graduate,No,63215,0,593.0,180,1.0,Semiurban,Y
Male,No,0,Graduate,No,12237,0,679.0,480,1.0,Semiurban,Y
Male,Yes,0,Graduate,No,66640,4000,501.0,240,1.0,Urban,Y
Male,No,0,Graduate,No,26751,2000,103.0,480,1.0,Semiurban,N
Male,No,0,Not Graduate,No,52475,0,582.0,360,1.0,Urban,Y
,No,2,Not Graduate,No,6647,2000,508.0,84,1.0,Rural,Y
Male,No,0,Graduate,No,52008,2000,618.0,480,1.0,Rural,Y
Male,Yes,3+,Graduate,Yes,53724,2000,416.0,60,1.0,Urban,N
Male,Yes,1,Graduate,No,21143,0,593.0,300,1.0,Rural,N
Male,No,0,Graduate,No,40467,4000,462.0,12,0.0,Rural,Y
,No,1,Graduate,No,42233,1000,441.0,360,1.0,Rural,Y
Male,Yes,0,Graduate,No,36308,2000,496.0,12,1.0,Semiurban,Y
Male,Yes,2,Graduate,No,68788,0,,36,1.0,Urban,Y
Female,,0,Graduate,No,60459,1000,650.0,300,1.0,Rural,Y
Female,No,0,Graduate,No,3349,1000,277.0,360,0.0,Urban,N
Male,No,2,Graduate,No,69678,2000,610.0,240,1.0,Urban,Y
Male,,3+,Graduate,Yes,68636,0,149.0,60,1.0,Urban,Y
Male,Yes,2,Graduate,No,62240,3000,96.0,240,1.0,Urban,Y
Male,No,0,Not Graduate,No,46065,0,602.0,180,1.0,Semiurban,Y
Male,No,2,Graduate,No,21683,2000,356.0,36,1.0,Semiurban,Y
Male,Yes,0,Graduate,No,2632,3000,499.0,60,1.0,Rural,Y
Male,Yes,0,Graduate,No,39759,2000,522.0,480,1.0,Urban,Y
Male,Yes,0,Not Graduate,No,65168,3000,692.0,480,1.0,Rural,Y
Male,Yes,1,Graduate,No,40063,2000,315.0,120,1.0,Rural,Y
Male,Yes,0,Graduate,No,12431,1000,637.0,480,0.0,Urban,Y
Male,No,0,Graduate,No,74669,3000,341.0,84,1.0,Urban,Y
Male,No,,Graduate,No,52139,0,338.0,36,1.0,Rural,Y
Male,Yes,0,Not Graduate,No,60401,2000,126.0,84,1.0,Semiurban,Y
Male,No,0,Graduate,No,2544,3000,142.0,300,1.0,Rural,Y
Male,Yes,0,Not Graduate,Yes,48191,1000,666.0,120,1.0,Semiurban,Y
,Yes,3+,Not Graduate,No,25863,1000,485.0,120,1.0,Semiurban,Y
Male,Yes,0,Not Graduate,No,48194,1000,492.0,480,1.0,Urban,Y
Male,Yes,0,Graduate,No,3082,3000,161.0,60,0.0,Semiurban,Y
Male,No,2,Graduate,Yes,68344,4000,150.0,300,1.0,Urban,Y
Male,No,2,Graduate,No,22801,2000,226.0,180,1.0,Semiurban,Y
Male,Yes,0,Graduate,No,75829,2000,511.0,36,0.0,Rural,N
Female,Yes,1,Graduate,Yes,3120,4000,663.0,36,0.0,Semiurban,Y
Female,No,2,Graduate,No,63724,0,68.0,360,1.0,Rural,Y
Male,Yes,,Graduate,No,58155,0,595.0,240,1.0,Semiurban,Y
Male,Yes,0,Graduate,No,39034,3000,541.0,480,1.0,Semiurban,Y
Male,No,2,Not Graduate,Yes,40890,3000,503.0,360,0.0,Semiurban,Y
Male,Yes,0,Graduate,No,73129,4000,190.0,180,0.0,Rural,Y
Female,Yes,0,Not Graduate,No,57356,1000,318.0,120,1.0,Semiurban,Y
Male,,0,Graduate,Yes,50752,0,229.0,12,1.0,Urban,Y
Male,No,0,Not Graduate,No,57309,1000,557.0,180,1.0,Rural,Y
Male,Yes,0,Graduate,Yes,23759,0,532.0,180,1.0,Semiurban,Y
Male,Yes,2,Graduate,No,22155,0,277.0,60,1.0,Urban,Y
Male,No,,Not Graduate,Yes,34505,3000,412.0,60,0.0,Semiurban,N
Male,Yes,0,Graduate,No,33129,0,247.0,60,1.0,Rural,Y
Male,No,0,Not Graduate,No,25110,3000,116.0,60,1.0,Semiurban,Y
Female,Yes,0,Graduate,No,58684,1000,111.0,240,1.0,Urban,Y
Female,No,3+,Graduate,No,23102,2000,91.0,480,1.0,Rural,Y
Male,Yes,0,Graduate,No,12610,0,529.0,36,1.0,Rural,Y
Male,Yes,0,Graduate,No,7573,1000,71.0,480,,Semiurban,Y
Male,Yes,0,Graduate,No,11695,0,41.0,480,1.0,Urban,Y
Male,Yes,0,Graduate,No,3037,5000,672.0,36,1.0,Urban,Y
Male,No,,Graduate,No,18638,3000,144.0,60,1.0,Semiurban,Y
Male,No,1,Graduate,No,45828,1000,247.0,480,1.0,Rural,Y
Male,Yes,3+,Not Graduate,No,47702,0,678.0,240,1.0,Urban,Y
Male,Yes,0,Not Graduate,No,41664,4000,,60,1.0,Urban,Y
Male,No,1,Graduate,No,56159,1000,557.0,240,1.0,Urban,Y
Male,No,2,Graduate,No,51192,0,501.0,360,1.0,Semiurban,Y
Female,Yes,2,Graduate,No,26345,2000,416.0,480,1.0,Urban,Y
Male,Yes,0,Graduate,No,32062,4000,255.0,84,1.0,Urban,Y
Male,Yes,0,Not Graduate,No,29536,0,510.0,240,0.0,Urban,N
Female,,0,Not Graduate,No,62252,0,437.0,360,1.0,Semiurban,Y
,Yes,1,Graduate,No,75733,4000,486.0,300,1.0,Semiurban,Y
Female,Yes,2,Not Graduate,No,70181,0,682.0,300,1.0,Urban,Y
Male,Yes,0,Graduate,No,29318,0,653.0,360,1.0,Rural,Y
Male,No,0,Not Graduate,Yes,32044,2000,668.0,120,1.0,Urban,Y
Male,Yes,3+,Graduate,No,64032,4000,50.0,120,0.0,Semiurban,Y
Male,Yes,,Graduate,No,80136,1000,688.0,60,1.0,Rural,Y
,Yes,3+,Graduate,No,59205,5000,630.0,120,1.0,Semiurban,Y
Male,Yes,2,Graduate,,21604,2000,,300,1.0,Semiurban,Y
Male,Yes,0,Graduate,No,71103,0,446.0,120,0.0,Urban,Y
Male,Yes,,Not Graduate,No,60525,5000,,84,1.0,Rural,Y
Female,Yes,1,Graduate,No,33817,1000,477.0,300,1.0,Semiurban,Y
Female,Yes,0,Graduate,No,32916,0,541.0,240,,Rural,Y
Male,Yes,0,Graduate,No,43512,2000,114.0,180,1.0,Urban,Y
,No,1,Graduate,No,69545,1000,196.0,120,0.0,Semiurban,N
Male,No,0,Graduate,No,22900,0,413.0,120,1.0,Rural,Y
Male,Yes,2,Graduate,No,49770,0,497.0,480,1.0,Rural,Y
Female,No,1,Graduate,,73569,1000,101.0,36,0.0,Urban,Y
Male,Yes,3+,Graduate,No,51333,3000,550.0,84,0.0,Rural,Y
Male,Yes,0,Graduate,No,65144,2000,502.0,300,1.0,Urban,Y
Male,Yes,0,Graduate,No,70968,5000,287.0,300,0.0,Semiurban,Y
,Yes,1,Not Graduate,No,60973,0,,12,1.0,Urban,Y
Male,No,0,Graduate,No,47309,0,49.0,36,1.0,Semiurban,Y
Female,No,1,Graduate,No,39828,0,519.0,120,0.0,Urban,N
Male,,2,Graduate,No,38284,0,519.0,360,1.0,Urban,Y
Male,Yes,0,Graduate,No,25223,0,355.0,480,1.0,Urban,Y
Male,Yes,0,Graduate,No,62146,3000,558.0,240,1.0,Urban,Y
Female,Yes,0,Graduate,No,67755,4000,118.0,480,1.0,Rural,Y
Female,Yes,0,Graduate,,1574,5000,515.0,120,1.0,Rural,Y
Male,Yes,,Graduate,No,27998,0,379.0,12,1.0,Rural,Y
Male,Yes,2,Graduate,No,67022,4000,113.0,180,,Urban,Y
Male,Yes,1,Not Graduate,Yes,22041,1000,416.0,300,1.0,Semiurban,Y
Male,Yes,1,Not Graduate,No,47429,0,,240,1.0,Semiurban,Y
Female,No,0,Graduate,,27528,4000,336.0,36,0.0,Rural,Y
Male,No,3+,Graduate,No,31045,2000,183.0,120,1.0,Semiurban,Y
Male,No,1,Not Graduate,No,33173,0,469.0,84,1.0,Rural,Y
Male,Yes,1,Not Graduate,No,32474,1000,293.0,360,1.0,Rural,Y
Male,Yes,2,Graduate,,60399,0,450.0,480,1.0,Rural,Y
Male,Yes,0,Graduate,No,24597,3000,522.0,12,0.0,Urban,Y
,No,2,Graduate,No,66324,1000,662.0,180,1.0,Urban,Y
Male,Yes,0,Graduate,No,25025,5000,,60,1.0,Semiurban,Y
Male,Yes,0,Graduate,No,59304,0,202.0,360,1.0,Semiurban,Y
Male,No,0,Graduate,No,16543,1000,33.0,120,1.0,Urban,Y
Male,Yes,3+,Graduate,No,43346,1000,669.0,180,1.0,Urban,N
Male,Yes,2,Graduate,No,78761,2000,501.0,360,1.0,Rural,Y
Male,Yes,1,Not Graduate,No,51727,1000,139.0,360,1.0,Semiurban,Y
Male,Yes,1,Graduate,No,54528,3000,66.0,300,1.0,Urban,Y
Male,Yes,0,Graduate,No,38883,4000,612.0,360,1.0,Semiurban,Y
Male,Yes,3+,Graduate,No,30983,4000,60.0,84,1.0,Semiurban,Y
Male,Yes,0,Graduate,No,8765,3000,410.0,180,1.0,Rural,N
Male,Yes,,Not Graduate,No,24263,4000,297.0,120,1.0,Urban,Y
Female,No,,Graduate,No,77152,2000,40.0,120,,Semiurban,Y
Male,Yes,2,Graduate,No,17233,3000,373.0,84,1.0,Semiurban,Y
Male,Yes,1,Graduate,No,38920,1000,,36,1.0,Urban,Y
Male,Yes,0,Graduate,No,10747,1000,598.0,180,1.0,Rural,Y
Male,,0,Not Graduate,No,25340,1000,195.0,360,1.0,Semiurban,Y
Male,Yes,2,Graduate,Yes,66649,1000,371.0,12,1.0,Urban,Y
Male,Yes,0,Graduate,No,22558,0,511.0,240,,Semiurban,Y
Male,No,1,Graduate,Yes,36429,5000,48.0,180,1.0,Urban,Y
Male,,3+,Graduate,Yes,32862,1000,657.0,60,,Urban,Y
Male,Yes,0,Not Graduate,No,48856,0,213.0,12,1.0,Rural,Y
Male,No,0,Not Graduate,No,79097,2000,,84,1.0,Urban,Y
Male,Yes,1,Graduate,No,7541,0,39.0,360,1.0,Rural,Y
Male,Yes,,Graduate,No,79709,0,621.0,36,0.0,Semiurban,Y
Male,Yes,0,Not Graduate,No,63454,0,221.0,60,1.0,Urban,Y
Male,Yes,3+,Not Graduate,No,63369,1000,349.0,36,1.0,Urban,Y
Male,No,0,Graduate,No,22559,1000,609.0,36,1.0,Semiurban,Y
Male,Yes,0,Graduate,No,46222,3000,,480,1.0,Semiurban,Y
Male,Yes,1,Graduate,No,19048,3000,666.0,300,1.0,Urban,Y
Female,No,2,Not Graduate,No,16578,1000,456.0,60,0.0,Urban,N
Male,No,0,Graduate,No,6919,1000,88.0,240,1.0,Rural,Y
,Yes,2,Graduate,No,36990,1000,465.0,300,1.0,Urban,Y
Male,Yes,0,Graduate,No,77586,3000,126.0,60,1.0,Rural,Y
Male,Yes,0,Graduate,No,60260,0,525.0,36,0.0,Semiurban,Y
Male,No,0,Graduate,Yes,31837,0,690.0,300,1.0,Semiurban,Y
Male,No,2,Graduate,No,2968,3000,307.0,60,1.0,Urban,Y
Female,No,0,Graduate,Yes,25809,1000,294.0,240,1.0,Urban,Y
,Yes,0,Graduate,No,67844,0,38.0,12,0.0,Rural,Y
Female,Yes,0,Graduate,No,73755,0,486.0,180,1.0,Urban,Y
Male,Yes,2,Graduate,,30218,4000,302.0,360,1.0,Urban,Y
